{
	"credit": "Made with Blockbench",
	"texture_size": [35, 68],
	"textures": {
		"4": "./stiched_texture"
	},
	"elements": [
		{
			"from": [5, 0, 5],
			"to": [11, 0.5, 11],
			"rotation": {"angle": 0, "axis": "y", "origin": [7, 0, 7]},
			"faces": {
				"north": {"uv": [3.2, 8, 5.94286, 8.23529], "texture": "#4"},
				"east": {"uv": [3.2, 8.23529, 5.94286, 8.47059], "texture": "#4"},
				"south": {"uv": [3.2, 8.47059, 5.94286, 8.70588], "texture": "#4"},
				"west": {"uv": [3.2, 8.70588, 5.94286, 8.94118], "texture": "#4"},
				"up": {"uv": [3.2, 9.41176, 0.45714, 8], "texture": "#4"},
				"down": {"uv": [3.2, 9.41176, 0.45714, 10.82353], "texture": "#4"}
			}
		},
		{
			"from": [7.4, 0.5, 7.4],
			"to": [8.6, 19, 8.6],
			"rotation": {"angle": 0, "axis": "y", "origin": [7, 0.5, 7]},
			"faces": {
				"north": {"uv": [0.45714, 0.23529, 0.68571, 2.47059], "texture": "#4"},
				"east": {"uv": [0.68571, 0.23529, 0.91429, 2.47059], "texture": "#4"},
				"south": {"uv": [0.91429, 0.23529, 1.14286, 2.47059], "texture": "#4"},
				"west": {"uv": [1.14286, 0.23529, 1.37143, 2.47059], "texture": "#4"},
				"up": {"uv": [1.6, 0.35294, 1.37143, 0.23529], "texture": "#4"},
				"down": {"uv": [1.6, 0.35294, 1.37143, 0.47059], "texture": "#4"}
			}
		},
		{
			"from": [7, 20.5, -2.6],
			"to": [9, 22.5, 2.6],
			"rotation": {"angle": 22.5, "axis": "x", "origin": [7, 2, 0]},
			"faces": {
				"north": {"uv": [10.05714, 8.94118, 10.97143, 9.41176], "texture": "#4"},
				"east": {"uv": [8.22857, 8, 10.51429, 8.47059], "texture": "#4"},
				"south": {"uv": [10.51429, 8, 11.42857, 8.47059], "texture": "#4"},
				"west": {"uv": [8.22857, 8.47059, 10.51429, 8.94118], "texture": "#4"},
				"up": {"uv": [9.14286, 10.11765, 8.22857, 8.94118], "texture": "#4"},
				"down": {"uv": [10.05714, 8.94118, 9.14286, 10.11765], "texture": "#4"}
			}
		},
		{
			"from": [6.8, 20.3, -3.6],
			"to": [9.2, 22.7, -0.6],
			"rotation": {"angle": 22.5, "axis": "x", "origin": [7, 2, 0]},
			"faces": {
				"north": {"uv": [0.45714, 12.94118, 1.37143, 13.41176], "texture": "#4"},
				"east": {"uv": [0.45714, 12, 1.82857, 12.47059], "texture": "#4"},
				"south": {"uv": [2.74286, 12, 3.65714, 12.47059], "texture": "#4"},
				"west": {"uv": [0.45714, 12.47059, 1.82857, 12.94118], "texture": "#4"},
				"up": {"uv": [2.74286, 12.70588, 1.82857, 12], "texture": "#4"},
				"down": {"uv": [2.74286, 12.70588, 1.82857, 13.41176], "texture": "#4"}
			}
		}
	],
	"display": {
		"thirdperson_righthand": {
			"rotation": [-144.19, 17.13, 156.62],
			"translation": [0, -3.5, 0.5]
		},
		"thirdperson_lefthand": {
			"rotation": [-144.19, 17.13, 156.62],
			"translation": [0, -3.5, 0.5]
		},
		"firstperson_righthand": {
			"translation": [3.25, -7.5, 0]
		},
		"firstperson_lefthand": {
			"translation": [3.25, -7.5, 0]
		},
		"ground": {
			"rotation": [-82.1, 4.09, 17.12],
			"translation": [0, 2.5, 0]
		},
		"gui": {
			"rotation": [91.32, 54.96, -91.09],
			"translation": [-0.5, -1, 0],
			"scale": [0.6, 0.6, 0.6]
		},
		"fixed": {
			"rotation": [-90, 0, 0],
			"translation": [0, 0, -16],
			"scale": [2.2, 2.2, 2.2]
		}
	}
}