{
	"credit": "Made with Blockbench",
	"texture_size": [52, 69],
	"textures": {
		"11": "./stiched_texture"
	},
	"elements": [
		{
			"from": [4, 0, 6],
			"to": [12, 1, 10],
			"rotation": {"angle": 0, "axis": "y", "origin": [7, 0, 7]},
			"faces": {
				"north": {"uv": [0.30769, 2.08696, 2.76923, 2.31884], "texture": "#11"},
				"east": {"uv": [2.76923, 0.46377, 4, 0.69565], "texture": "#11"},
				"south": {"uv": [2.76923, 0.23188, 5.23077, 0.46377], "texture": "#11"},
				"west": {"uv": [2.76923, 0.69565, 4, 0.92754], "texture": "#11"},
				"up": {"uv": [2.76923, 1.15942, 0.30769, 0.23188], "texture": "#11"},
				"down": {"uv": [2.76923, 1.15942, 0.30769, 2.08696], "texture": "#11"}
			}
		},
		{
			"from": [4.8, 1, 6.2],
			"to": [11.2, 2, 9.8],
			"rotation": {"angle": 0, "axis": "y", "origin": [7, 1, 7]},
			"faces": {
				"north": {"uv": [7.38462, 0.23188, 9.23077, 0.46377], "texture": "#11"},
				"east": {"uv": [7.38462, 0.69565, 8.61538, 0.92754], "texture": "#11"},
				"south": {"uv": [7.38462, 0.46377, 9.23077, 0.69565], "texture": "#11"},
				"west": {"uv": [7.38462, 0.92754, 8.61538, 1.15942], "texture": "#11"},
				"up": {"uv": [7.38462, 1.15942, 5.53846, 0.23188], "texture": "#11"},
				"down": {"uv": [7.38462, 1.15942, 5.53846, 2.08696], "texture": "#11"}
			}
		},
		{
			"from": [10.2, 2, 8.1],
			"to": [10.9, 7, 8.1],
			"rotation": {"angle": 0, "axis": "y", "origin": [6.7, 2, 7]},
			"faces": {
				"north": {"uv": [10.76923, 4.17391, 11.07692, 5.33333], "texture": "#11"},
				"east": {"uv": [10.76923, 4.17391, 10.76923, 5.33333], "texture": "#11"},
				"south": {"uv": [11.07692, 4.17391, 11.38462, 5.33333], "texture": "#11"},
				"west": {"uv": [10.76923, 4.17391, 10.76923, 5.33333], "texture": "#11"},
				"up": {"uv": [11.07692, 4.17391, 10.76923, 4.17391], "texture": "#11"},
				"down": {"uv": [11.07692, 4.17391, 10.76923, 4.17391], "texture": "#11"}
			}
		},
		{
			"from": [8.2, 6, 8.1],
			"to": [10.2, 7, 8.1],
			"rotation": {"angle": 0, "axis": "y", "origin": [6, 2, 7]},
			"faces": {
				"north": {"uv": [0.30769, 4.17391, 0.92308, 4.4058], "texture": "#11"},
				"east": {"uv": [0.30769, 4.17391, 0.30769, 4.4058], "texture": "#11"},
				"south": {"uv": [0.30769, 4.4058, 0.92308, 4.63768], "texture": "#11"},
				"west": {"uv": [0.30769, 4.17391, 0.30769, 4.4058], "texture": "#11"},
				"up": {"uv": [0.92308, 4.17391, 0.30769, 4.17391], "texture": "#11"},
				"down": {"uv": [0.92308, 4.17391, 0.30769, 4.17391], "texture": "#11"}
			}
		},
		{
			"from": [8.2, 2, 8.1],
			"to": [10.2, 3, 8.1],
			"rotation": {"angle": 0, "axis": "y", "origin": [6, -2, 7]},
			"faces": {
				"north": {"uv": [5.53846, 4.17391, 6.15385, 4.4058], "texture": "#11"},
				"east": {"uv": [5.53846, 4.17391, 5.53846, 4.4058], "texture": "#11"},
				"south": {"uv": [5.53846, 4.4058, 6.15385, 4.63768], "texture": "#11"},
				"west": {"uv": [5.53846, 4.17391, 5.53846, 4.4058], "texture": "#11"},
				"up": {"uv": [6.15385, 4.17391, 5.53846, 4.17391], "texture": "#11"},
				"down": {"uv": [6.15385, 4.17391, 5.53846, 4.17391], "texture": "#11"}
			}
		},
		{
			"from": [5, 2, 8.1],
			"to": [5.7, 7, 8.1],
			"rotation": {"angle": 0, "axis": "y", "origin": [2.5, -2, 7]},
			"faces": {
				"north": {"uv": [5.53846, 12.05797, 5.84615, 13.21739], "texture": "#11"},
				"east": {"uv": [5.53846, 12.05797, 5.53846, 13.21739], "texture": "#11"},
				"south": {"uv": [5.84615, 12.05797, 6.15385, 13.21739], "texture": "#11"},
				"west": {"uv": [5.53846, 12.05797, 5.53846, 13.21739], "texture": "#11"},
				"up": {"uv": [5.84615, 12.05797, 5.53846, 12.05797], "texture": "#11"},
				"down": {"uv": [5.84615, 12.05797, 5.53846, 12.05797], "texture": "#11"}
			}
		},
		{
			"from": [7.3, 2, 8.1],
			"to": [8, 7, 8.1],
			"rotation": {"angle": 0, "axis": "y", "origin": [4.8, -2, 7]},
			"faces": {
				"north": {"uv": [0.30769, 8.11594, 0.61538, 9.27536], "texture": "#11"},
				"east": {"uv": [0.30769, 8.11594, 0.30769, 9.27536], "texture": "#11"},
				"south": {"uv": [0.61538, 8.11594, 0.92308, 9.27536], "texture": "#11"},
				"west": {"uv": [0.30769, 8.11594, 0.30769, 9.27536], "texture": "#11"},
				"up": {"uv": [0.61538, 8.11594, 0.30769, 8.11594], "texture": "#11"},
				"down": {"uv": [0.61538, 8.11594, 0.30769, 8.11594], "texture": "#11"}
			}
		},
		{
			"from": [6.7, 5.3, 8.1],
			"to": [7.3, 5.9, 8.1],
			"rotation": {"angle": 0, "axis": "y", "origin": [4.1, -1.9, 7]},
			"faces": {
				"north": {"uv": [5.53846, 8.11594, 5.84615, 8.34783], "texture": "#11"},
				"east": {"uv": [5.53846, 8.11594, 5.53846, 8.34783], "texture": "#11"},
				"south": {"uv": [5.53846, 8.34783, 5.84615, 8.57971], "texture": "#11"},
				"west": {"uv": [5.53846, 8.11594, 5.53846, 8.34783], "texture": "#11"},
				"up": {"uv": [5.84615, 8.11594, 5.53846, 8.11594], "texture": "#11"},
				"down": {"uv": [5.84615, 8.11594, 5.53846, 8.11594], "texture": "#11"}
			}
		},
		{
			"from": [5.7, 5.3, 8.1],
			"to": [6.3, 5.9, 8.1],
			"rotation": {"angle": 0, "axis": "y", "origin": [3.2, -1.9, 7]},
			"faces": {
				"north": {"uv": [10.76923, 8.11594, 11.07692, 8.34783], "texture": "#11"},
				"east": {"uv": [10.76923, 8.11594, 10.76923, 8.34783], "texture": "#11"},
				"south": {"uv": [10.76923, 8.34783, 11.07692, 8.57971], "texture": "#11"},
				"west": {"uv": [10.76923, 8.11594, 10.76923, 8.34783], "texture": "#11"},
				"up": {"uv": [11.07692, 8.11594, 10.76923, 8.11594], "texture": "#11"},
				"down": {"uv": [11.07692, 8.11594, 10.76923, 8.11594], "texture": "#11"}
			}
		},
		{
			"from": [6.2, 3.6, 8.1],
			"to": [6.8, 5.3, 8.1],
			"rotation": {"angle": 0, "axis": "y", "origin": [3.7, -3, 7]},
			"faces": {
				"north": {"uv": [0.30769, 12.05797, 0.61538, 12.52174], "texture": "#11"},
				"east": {"uv": [0.30769, 12.05797, 0.30769, 12.52174], "texture": "#11"},
				"south": {"uv": [0.61538, 12.05797, 0.92308, 12.52174], "texture": "#11"},
				"west": {"uv": [0.30769, 12.05797, 0.30769, 12.52174], "texture": "#11"},
				"up": {"uv": [0.61538, 12.05797, 0.30769, 12.05797], "texture": "#11"},
				"down": {"uv": [0.61538, 12.05797, 0.30769, 12.05797], "texture": "#11"}
			}
		},
		{
			"from": [7, 1.2, 6.1],
			"to": [9, 1.9, 6.2],
			"rotation": {"angle": 0, "axis": "y", "origin": [7, -0.1, 4.3]},
			"faces": {
				"north": {"uv": [10.76923, 0.23188, 11.38462, 0.46377], "texture": "#11"},
				"east": {"uv": [11.38462, 0.46377, 11.69231, 0.69565], "texture": "#11"},
				"south": {"uv": [10.76923, 0.46377, 11.38462, 0.69565], "texture": "#11"},
				"west": {"uv": [11.38462, 0.69565, 11.69231, 0.92754], "texture": "#11"},
				"up": {"uv": [11.38462, 0.92754, 10.76923, 0.69565], "texture": "#11"},
				"down": {"uv": [12, 0.23188, 11.38462, 0.46377], "texture": "#11"}
			}
		}
	],
	"display": {
		"thirdperson_righthand": {
			"translation": [0, 7.75, 0.75]
		},
		"thirdperson_lefthand": {
			"translation": [0, 7.75, 0.75]
		},
		"firstperson_righthand": {
			"rotation": [-180, 23, -180],
			"translation": [0.25, 6.75, 2]
		},
		"firstperson_lefthand": {
			"rotation": [-180, 7.75, 180],
			"translation": [0.5, 6.75, 2.25]
		},
		"ground": {
			"translation": [0, 6.25, 0]
		},
		"gui": {
			"rotation": [0, -180, 0],
			"translation": [0, 4.25, 0],
			"scale": [1.5, 1.5, 1.5]
		},
		"head": {
			"translation": [0, 14.25, 0.75]
		},
		"fixed": {
			"rotation": [-90, 0, 0],
			"translation": [0, 0.25, -14.75],
			"scale": [2, 2, 2]
		}
	}
}